<?xml version="1.0" encoding="UTF-8"?>
<project-private xmlns="http://www.netbeans.org/ns/project-private/1">
    <editor-bookmarks xmlns="http://www.netbeans.org/ns/editor-bookmarks/2" lastBookmarkId="0"/>
    <open-files xmlns="http://www.netbeans.org/ns/projectui-open-files/2">
        <group>
            <file>file:/C:/Users/Jeba%20Sultana/Documents/NetBeansProjects/ShopupDemo/src/shopupdemo/checkout.java</file>
            <file>file:/C:/Users/Jeba%20Sultana/Documents/NetBeansProjects/ShopupDemo/src/shopupdemo/confirmation.java</file>
            <file>file:/C:/Users/Jeba%20Sultana/Documents/NetBeansProjects/ShopupDemo/src/shopupdemo/BuyerHomepage.java</file>
            <file>file:/C:/Users/Jeba%20Sultana/Documents/NetBeansProjects/ShopupDemo/src/shopupdemo/Upload.java</file>
            <file>file:/C:/Users/Jeba%20Sultana/Documents/NetBeansProjects/ShopupDemo/src/shopupdemo/addtocart.java</file>
            <file>file:/C:/Users/Jeba%20Sultana/Documents/NetBeansProjects/ShopupDemo/src/shopupdemo/sellerdashboard.java</file>
            <file>file:/C:/Users/Jeba%20Sultana/Documents/NetBeansProjects/ShopupDemo/src/shopupdemo/Promotion.java</file>
        </group>
    </open-files>
</project-private>
